USE hotel;

INSERT INTO manager (id, firstname, lastname, phone, email) VALUES (1, 'Андрій','Васько', '+380630279241','andriy.vasko@gmail.com');
INSERT INTO manager (id, firstname, lastname, phone, email) VALUES (2, 'Богдан','Балух', '+380937611773','bogdan.balukh@gmail.com');
INSERT INTO manager (id, firstname, lastname, phone, email) VALUES (3, 'Аліна','Бабій', '+380508565365','alina.babii@gmail.com');
INSERT INTO manager (id, firstname, lastname, phone, email) VALUES (4, 'Владислав','Баюрчак', '+380500335511','vlad.baiurchak@gmail.com');
INSERT INTO manager (id, firstname, lastname, phone, email) VALUES (5, 'Анна','Шматюк', '+380970555311','ann.shmatiuk@gmail.com');

INSERT INTO room (id, room_type, description, price, max_person)
VALUES (1, 'Стандарт одномісний', 'Найоптимальніший варіант для подорожуючих, які шукають зручне, затишне місце проживання в самому центрі міста за невисокою ціною.', 750, 1);
INSERT INTO room (id, room_type, description, price, max_person)
VALUES (2, 'Стандарт одномісний', 'Найоптимальніший варіант для подорожуючих, які шукають зручне, затишне місце проживання в самому центрі міста за невисокою ціною.', 750, 1);
INSERT INTO room (id, room_type, description, price, max_person)
VALUES (3, 'Стандарт одномісний', 'Найоптимальніший варіант для подорожуючих, які шукають зручне, затишне місце проживання в самому центрі міста за невисокою ціною.', 750, 1);
INSERT INTO room (id, room_type, description, price, max_person)
VALUES (4, 'Стандарт одномісний', 'Найоптимальніший варіант для подорожуючих, які шукають зручне, затишне місце проживання в самому центрі міста за невисокою ціною.', 750, 1);
INSERT INTO room (id, room_type, description, price, max_person)
VALUES (5, 'Стандарт одномісний', 'Найоптимальніший варіант для подорожуючих, які шукають зручне, затишне місце проживання в самому центрі міста за невисокою ціною.', 750, 1);
INSERT INTO room (id, room_type, description, price, max_person)
VALUES (6, 'Стандарт одномісний', 'Найоптимальніший варіант для подорожуючих, які шукають зручне, затишне місце проживання в самому центрі міста за невисокою ціною.', 750, 1);
INSERT INTO room (id, room_type, description, price, max_person)
VALUES (7, 'Стандарт одномісний', 'Найоптимальніший варіант для подорожуючих, які шукають зручне, затишне місце проживання в самому центрі міста за невисокою ціною.', 750, 1);
INSERT INTO room (id, room_type, description, price, max_person)
VALUES (8, 'Стандарт одномісний', 'Найоптимальніший варіант для подорожуючих, які шукають зручне, затишне місце проживання в самому центрі міста за невисокою ціною.', 750, 1);
INSERT INTO room (id, room_type, description, price, max_person)
VALUES (9, 'Стандарт одномісний', 'Найоптимальніший варіант для подорожуючих, які шукають зручне, затишне місце проживання в самому центрі міста за невисокою ціною.', 750, 1);
INSERT INTO room (id, room_type, description, price, max_person)
VALUES (10, 'Стандарт одномісний', 'Найоптимальніший варіант для подорожуючих, які шукають зручне, затишне місце проживання в самому центрі міста за невисокою ціною.', 750, 1);
INSERT INTO room (id, room_type, description, price, max_person)
VALUES (11, 'Стандарт одномісний', 'Найоптимальніший варіант для подорожуючих, які шукають зручне, затишне місце проживання в самому центрі міста за невисокою ціною.', 750, 1);
INSERT INTO room (id, room_type, description, price, max_person)
VALUES (12, 'Стандарт одномісний', 'Найоптимальніший варіант для подорожуючих, які шукають зручне, затишне місце проживання в самому центрі міста за невисокою ціною.', 750, 1);
INSERT INTO room (id, room_type, description, price, max_person)
VALUES (13, 'Стандарт одномісний', 'Найоптимальніший варіант для подорожуючих, які шукають зручне, затишне місце проживання в самому центрі міста за невисокою ціною.', 750, 1);
INSERT INTO room (id, room_type, description, price, max_person)
VALUES (14, 'Стандарт одномісний', 'Найоптимальніший варіант для подорожуючих, які шукають зручне, затишне місце проживання в самому центрі міста за невисокою ціною.', 750, 1);
INSERT INTO room (id, room_type, description, price, max_person)
VALUES (15, 'Стандарт одномісний', 'Найоптимальніший варіант для подорожуючих, які шукають зручне, затишне місце проживання в самому центрі міста за невисокою ціною.', 750, 1);
INSERT INTO room (id, room_type, description, price, max_person)
VALUES (16, 'Стандарт одномісний', 'Найоптимальніший варіант для подорожуючих, які шукають зручне, затишне місце проживання в самому центрі міста за невисокою ціною.', 750, 1);
INSERT INTO room (id, room_type, description, price, max_person)
VALUES (17, 'Стандарт одномісний', 'Найоптимальніший варіант для подорожуючих, які шукають зручне, затишне місце проживання в самому центрі міста за невисокою ціною.', 750, 1);
INSERT INTO room (id, room_type, description, price, max_person)
VALUES (18, 'Стандарт одномісний', 'Найоптимальніший варіант для подорожуючих, які шукають зручне, затишне місце проживання в самому центрі міста за невисокою ціною.', 750, 1);
INSERT INTO room (id, room_type, description, price, max_person)
VALUES (19, 'Стандарт двомісний', 'На Вас чекають надзвичайно вишукані кімнати, облаштовані сучасними італійськими меблями', 950, 2);
INSERT INTO room (id, room_type, description, price, max_person)
VALUES (20, 'Стандарт двомісний', 'На Вас чекають надзвичайно вишукані кімнати, облаштовані сучасними італійськими меблями', 950, 2);
INSERT INTO room (id, room_type, description, price, max_person)
VALUES (21, 'Стандарт двомісний', 'На Вас чекають надзвичайно вишукані кімнати, облаштовані сучасними італійськими меблями', 950, 2);
INSERT INTO room (id, room_type, description, price, max_person)
VALUES (22, 'Стандарт двомісний', 'На Вас чекають надзвичайно вишукані кімнати, облаштовані сучасними італійськими меблями', 950, 2);
INSERT INTO room (id, room_type, description, price, max_person)
VALUES (23, 'Стандарт двомісний', 'На Вас чекають надзвичайно вишукані кімнати, облаштовані сучасними італійськими меблями', 950, 2);
INSERT INTO room (id, room_type, description, price, max_person)
VALUES (24, 'Стандарт двомісний', 'На Вас чекають надзвичайно вишукані кімнати, облаштовані сучасними італійськими меблями', 950, 2);
INSERT INTO room (id, room_type, description, price, max_person)
VALUES (25, 'Стандарт двомісний', 'На Вас чекають надзвичайно вишукані кімнати, облаштовані сучасними італійськими меблями', 950, 2);
INSERT INTO room (id, room_type, description, price, max_person)
VALUES (26, 'Стандарт двомісний', 'На Вас чекають надзвичайно вишукані кімнати, облаштовані сучасними італійськими меблями', 950, 2);
INSERT INTO room (id, room_type, description, price, max_person)
VALUES (27, 'Стандарт двомісний', 'На Вас чекають надзвичайно вишукані кімнати, облаштовані сучасними італійськими меблями', 950, 2);
INSERT INTO room (id, room_type, description, price, max_person)
VALUES (28, 'Стандарт двомісний', 'На Вас чекають надзвичайно вишукані кімнати, облаштовані сучасними італійськими меблями', 950, 2);
INSERT INTO room (id, room_type, description, price, max_person)
VALUES (29, 'Стандарт двомісний', 'На Вас чекають надзвичайно вишукані кімнати, облаштовані сучасними італійськими меблями', 950, 2);
INSERT INTO room (id, room_type, description, price, max_person)
VALUES (30, 'Стандарт двомісний', 'На Вас чекають надзвичайно вишукані кімнати, облаштовані сучасними італійськими меблями', 950, 2);
INSERT INTO room (id, room_type, description, price, max_person)
VALUES (31, 'Стандарт двомісний', 'На Вас чекають надзвичайно вишукані кімнати, облаштовані сучасними італійськими меблями', 950, 2);
INSERT INTO room (id, room_type, description, price, max_person)
VALUES (32, 'Стандарт двомісний', 'На Вас чекають надзвичайно вишукані кімнати, облаштовані сучасними італійськими меблями', 950, 2);
INSERT INTO room (id, room_type, description, price, max_person)
VALUES (33, 'Стандарт двомісний', 'На Вас чекають надзвичайно вишукані кімнати, облаштовані сучасними італійськими меблями', 950, 2);
INSERT INTO room (id, room_type, description, price, max_person)
VALUES (34, 'Стандарт двомісний', 'На Вас чекають надзвичайно вишукані кімнати, облаштовані сучасними італійськими меблями', 950, 2);
INSERT INTO room (id, room_type, description, price, max_person)
VALUES (35, 'Стандарт двомісний', 'На Вас чекають надзвичайно вишукані кімнати, облаштовані сучасними італійськими меблями', 950, 2);
INSERT INTO room (id, room_type, description, price, max_person)
VALUES (36, 'Стандарт двомісний', 'На Вас чекають надзвичайно вишукані кімнати, облаштовані сучасними італійськими меблями', 950, 2);
INSERT INTO room (id, room_type, description, price, max_person)
VALUES (37, 'Стандарт сімейний', 'Надзвичайно елегантні та просторі номери стануть чудовим вибором для усіх охочих відпочити у теплому колі своїх рідних та близьких', 1230, 3);
INSERT INTO room (id, room_type, description, price, max_person)
VALUES (38, 'Стандарт сімейний', 'Надзвичайно елегантні та просторі номери стануть чудовим вибором для усіх охочих відпочити у теплому колі своїх рідних та близьких', 1230, 3);
INSERT INTO room (id, room_type, description, price, max_person)
VALUES (39, 'Стандарт сімейний', 'Надзвичайно елегантні та просторі номери стануть чудовим вибором для усіх охочих відпочити у теплому колі своїх рідних та близьких', 1230, 3);
INSERT INTO room (id, room_type, description, price, max_person)
VALUES (40, 'Стандарт сімейний', 'Надзвичайно елегантні та просторі номери стануть чудовим вибором для усіх охочих відпочити у теплому колі своїх рідних та близьких', 1230, 3);
INSERT INTO room (id, room_type, description, price, max_person)
VALUES (41, 'Стандарт сімейний', 'Надзвичайно елегантні та просторі номери стануть чудовим вибором для усіх охочих відпочити у теплому колі своїх рідних та близьких', 1230, 3);
INSERT INTO room (id, room_type, description, price, max_person)
VALUES (42, 'Стандарт сімейний', 'Надзвичайно елегантні та просторі номери стануть чудовим вибором для усіх охочих відпочити у теплому колі своїх рідних та близьких', 1230, 3);
INSERT INTO room (id, room_type, description, price, max_person)
VALUES (43, 'Стандарт сімейний', 'Надзвичайно елегантні та просторі номери стануть чудовим вибором для усіх охочих відпочити у теплому колі своїх рідних та близьких', 1230, 3);
INSERT INTO room (id, room_type, description, price, max_person)
VALUES (44, 'Стандарт сімейний', 'Надзвичайно елегантні та просторі номери стануть чудовим вибором для усіх охочих відпочити у теплому колі своїх рідних та близьких', 1230, 3);
INSERT INTO room (id, room_type, description, price, max_person)
VALUES (45, 'Стандарт сімейний', 'Надзвичайно елегантні та просторі номери стануть чудовим вибором для усіх охочих відпочити у теплому колі своїх рідних та близьких', 1230, 3);
INSERT INTO room (id, room_type, description, price, max_person)
VALUES (46, 'Стандарт сімейний', 'Надзвичайно елегантні та просторі номери стануть чудовим вибором для усіх охочих відпочити у теплому колі своїх рідних та близьких', 1230, 3);
INSERT INTO room (id, room_type, description, price, max_person)
VALUES (47, 'Стандарт сімейний', 'Надзвичайно елегантні та просторі номери стануть чудовим вибором для усіх охочих відпочити у теплому колі своїх рідних та близьких', 1230, 3);
INSERT INTO room (id, room_type, description, price, max_person)
VALUES (48, 'Стандарт сімейний', 'Надзвичайно елегантні та просторі номери стануть чудовим вибором для усіх охочих відпочити у теплому колі своїх рідних та близьких', 1230, 3);
INSERT INTO room (id, room_type, description, price, max_person)
VALUES (49, 'Стандарт сімейний', 'Надзвичайно елегантні та просторі номери стануть чудовим вибором для усіх охочих відпочити у теплому колі своїх рідних та близьких', 1230, 3);
INSERT INTO room (id, room_type, description, price, max_person)
VALUES (50, 'Стандарт сімейний', 'Надзвичайно елегантні та просторі номери стануть чудовим вибором для усіх охочих відпочити у теплому колі своїх рідних та близьких', 1230, 3);
INSERT INTO room (id, room_type, description, price, max_person)
VALUES (51, 'Стандарт сімейний', 'Надзвичайно елегантні та просторі номери стануть чудовим вибором для усіх охочих відпочити у теплому колі своїх рідних та близьких', 1230, 3);
INSERT INTO room (id, room_type, description, price, max_person)
VALUES (52, 'Стандарт сімейний', 'Надзвичайно елегантні та просторі номери стануть чудовим вибором для усіх охочих відпочити у теплому колі своїх рідних та близьких', 1230, 3);
INSERT INTO room (id, room_type, description, price, max_person)
VALUES (53, 'Стандарт сімейний', 'Надзвичайно елегантні та просторі номери стануть чудовим вибором для усіх охочих відпочити у теплому колі своїх рідних та близьких', 1230, 3);
INSERT INTO room (id, room_type, description, price, max_person)
VALUES (54, 'Стандарт сімейний', 'Надзвичайно елегантні та просторі номери стануть чудовим вибором для усіх охочих відпочити у теплому колі своїх рідних та близьких', 1230, 3);
INSERT INTO room (id, room_type, description, price, max_person)
VALUES (55, 'Напівлюкс', 'Вишукані номери, облаштовані меблями преміум класу, з гарним видом на центральну частину міста.', 1980, 3);
INSERT INTO room (id, room_type, description, price, max_person)
VALUES (56, 'Напівлюкс', 'Вишукані номери, облаштовані меблями преміум класу, з гарним видом на центральну частину міста.', 1980, 3);
INSERT INTO room (id, room_type, description, price, max_person)
VALUES (57, 'Напівлюкс', 'Вишукані номери, облаштовані меблями преміум класу, з гарним видом на центральну частину міста.', 1980, 3);
INSERT INTO room (id, room_type, description, price, max_person)
VALUES (58, 'Напівлюкс', 'Вишукані номери, облаштовані меблями преміум класу, з гарним видом на центральну частину міста.', 1980, 3);
INSERT INTO room (id, room_type, description, price, max_person)
VALUES (59, 'Напівлюкс', 'Вишукані номери, облаштовані меблями преміум класу, з гарним видом на центральну частину міста.', 1980, 3);
INSERT INTO room (id, room_type, description, price, max_person)
VALUES (60, 'Напівлюкс', 'Вишукані номери, облаштовані меблями преміум класу, з гарним видом на центральну частину міста.', 1980, 3);
INSERT INTO room (id, room_type, description, price, max_person)
VALUES (61, 'Напівлюкс', 'Вишукані номери, облаштовані меблями преміум класу, з гарним видом на центральну частину міста.', 1980, 3);
INSERT INTO room (id, room_type, description, price, max_person)
VALUES (62, 'Напівлюкс', 'Вишукані номери, облаштовані меблями преміум класу, з гарним видом на центральну частину міста.', 1980, 3);
INSERT INTO room (id, room_type, description, price, max_person)
VALUES (63, 'Напівлюкс', 'Вишукані номери, облаштовані меблями преміум класу, з гарним видом на центральну частину міста.', 1980, 3);
INSERT INTO room (id, room_type, description, price, max_person)
VALUES (64, 'Напівлюкс', 'Вишукані номери, облаштовані меблями преміум класу, з гарним видом на центральну частину міста.', 1980, 3);
INSERT INTO room (id, room_type, description, price, max_person)
VALUES (65, 'Напівлюкс', 'Вишукані номери, облаштовані меблями преміум класу, з гарним видом на центральну частину міста.', 1980, 3);
INSERT INTO room (id, room_type, description, price, max_person)
VALUES (66, 'Напівлюкс', 'Вишукані номери, облаштовані меблями преміум класу, з гарним видом на центральну частину міста.', 1980, 3);
INSERT INTO room (id, room_type, description, price, max_person)
VALUES (67, 'Напівлюкс', 'Вишукані номери, облаштовані меблями преміум класу, з гарним видом на центральну частину міста.', 1980, 3);
INSERT INTO room (id, room_type, description, price, max_person)
VALUES (68, 'Напівлюкс', 'Вишукані номери, облаштовані меблями преміум класу, з гарним видом на центральну частину міста.', 1980, 3);
INSERT INTO room (id, room_type, description, price, max_person)
VALUES (69, 'Люкс', 'Двокімнатні розкішні номери для справжніх цінителів гармонійного поєднання сучасних вигод та елегантних елементів лекору з дотриманням усіх європейських стандартів', 2490, 4);
INSERT INTO room (id, room_type, description, price, max_person)
VALUES (70, 'Люкс', 'Двокімнатні розкішні номери для справжніх цінителів гармонійного поєднання сучасних вигод та елегантних елементів лекору з дотриманням усіх європейських стандартів', 2490, 4);
INSERT INTO room (id, room_type, description, price, max_person)
VALUES (71, 'Люкс', 'Двокімнатні розкішні номери для справжніх цінителів гармонійного поєднання сучасних вигод та елегантних елементів лекору з дотриманням усіх європейських стандартів', 2490, 4);
INSERT INTO room (id, room_type, description, price, max_person)
VALUES (72, 'Люкс', 'Двокімнатні розкішні номери для справжніх цінителів гармонійного поєднання сучасних вигод та елегантних елементів лекору з дотриманням усіх європейських стандартів', 2490, 4);
INSERT INTO room (id, room_type, description, price, max_person)
VALUES (73, 'Люкс', 'Двокімнатні розкішні номери для справжніх цінителів гармонійного поєднання сучасних вигод та елегантних елементів лекору з дотриманням усіх європейських стандартів', 2490, 4);
INSERT INTO room (id, room_type, description, price, max_person)
VALUES (74, 'Люкс', 'Двокімнатні розкішні номери для справжніх цінителів гармонійного поєднання сучасних вигод та елегантних елементів лекору з дотриманням усіх європейських стандартів', 2490, 4);
INSERT INTO room (id, room_type, description, price, max_person)
VALUES (75, 'Люкс', 'Двокімнатні розкішні номери для справжніх цінителів гармонійного поєднання сучасних вигод та елегантних елементів лекору з дотриманням усіх європейських стандартів', 2490, 4);


INSERT INTO guest(id, firstname, lastname, phone, email, discount) VALUES (1, 'Тіна','Кароль','+380630256987','tina.karol@gmail.com',5);
INSERT INTO guest(id, firstname, lastname, phone, email, discount) VALUES (2, 'Юлія','Саніна','+380975567320','sanina@gmail.com',3);
INSERT INTO guest(id, firstname, lastname, phone, email, discount) VALUES (3, 'Богдан','Сливка','+380936312157','slyvka@gmail.com', 0);
INSERT INTO guest(id, firstname, lastname, phone, email, discount) VALUES (4, 'Альберт','Кузьменко','+380670555310','albert24@gmail.com',0);
INSERT INTO guest(id, firstname, lastname, phone, email, discount) VALUES (5, 'Анна','Комісаренко','','komisarenko0921@gmail.com', 0);
INSERT INTO guest(id, firstname, lastname, phone, email, discount) VALUES (6, 'Василь','Голобородько','+380687005088','vasyl.goloborodko@gmail.com',0);
INSERT INTO guest(id, firstname, lastname, phone, email, discount) VALUES (7, 'Ірина','Пенц','+380950338565','iryna777@gmail.com',0);
INSERT INTO guest(id, firstname, lastname, phone, email, discount) VALUES (8, 'Микола','Степанюк','+380687512541','@gmail.com',0);
INSERT INTO guest(id, firstname, lastname, phone, email, discount) VALUES (9, 'Роксолана','Кремінець','+380681245789','roksa@gmail.com',0);
INSERT INTO guest(id, firstname, lastname, phone, email, discount) VALUES (10, 'Роксолана','Лісова','+380675544879','mavka@gmail.com',0);
INSERT INTO guest(id, firstname, lastname, phone, email, discount) VALUES (11, 'Назарій','Мураль','+380685647895','mural85@gmail.com',0);
INSERT INTO guest(id, firstname, lastname, phone, email, discount) VALUES (12, 'Олена','Чигін','+380675413258','olenka12@gmail.com',0);
INSERT INTO guest(id, firstname, lastname, phone, email, discount) VALUES (13, 'Оксана','Вільчинська','+3806870055412','vilchynska73@gmail.com',4);
INSERT INTO guest(id, firstname, lastname, phone, email, discount) VALUES (14, 'Олег','Чигін','+380689845125','chygin@gmail.com', 0);
INSERT INTO guest(id, firstname, lastname, phone, email, discount) VALUES (15, 'Олег','Оприск','+380631245862','oprysk@gmail.com', 0);
INSERT INTO guest(id, firstname, lastname, phone, email, discount) VALUES (16, 'Богдан','Васильків','+3806850020123','bohdan.vasylkiv1@gmail.com',0);
INSERT INTO guest(id, firstname, lastname, phone, email, discount) VALUES (17, 'Марина','Дзюнька','+380502014578','dziunka@gmail.com',0);
INSERT INTO guest(id, firstname, lastname, phone, email, discount) VALUES (18, 'Аліна','Александрович','+380632548789','aleksandrovych13@gmail.com',0);
INSERT INTO guest(id, firstname, lastname, phone, email, discount) VALUES (19, 'Діана','Бойчук','+3806302145782','boichuk@gmail.com',0);
INSERT INTO guest(id, firstname, lastname, phone, email, discount) VALUES (20, 'Сергій','Топорь','+380632548785','toporyk@gmail.com',0);
INSERT INTO guest(id, firstname, lastname, phone, email, discount) VALUES (21, 'Валентин','Наливайко','+380932356478','nalyvaiko@gmail.com',0);
INSERT INTO guest(id, firstname, lastname, phone, email, discount) VALUES (22, 'Тетяна','Клюка','+380970512654','tetianka452@gmail.com',0);
INSERT INTO guest(id, firstname, lastname, phone, email, discount) VALUES (23, 'Ельвіра','Кукурузка','+380500338566','elyaaa12@gmail.com',5);
INSERT INTO guest(id, firstname, lastname, phone, email, discount) VALUES (24, 'Віталій','Малецький','+380502145632','maletskyi0403@gmail.com',0);
INSERT INTO guest(id, firstname, lastname, phone, email, discount) VALUES (25, 'Роман','Кохман','+3806302136547','kokman@gmail.com',0);
INSERT INTO guest(id, firstname, lastname, phone, email, discount) VALUES (26, 'Галина','Ткач','+380689521245','tkach888@gmail.com',0);
INSERT INTO guest(id, firstname, lastname, phone, email, discount) VALUES (27, 'Оксана','Залужна','+380501465555','oksanka111@gmail.com',3);
INSERT INTO guest(id, firstname, lastname, phone, email, discount) VALUES (28, 'Петро','Лесько','+380500556512','lesko14@gmail.com',0);
INSERT INTO guest(id, firstname, lastname, phone, email, discount) VALUES (29, 'Василина','Кукурік','+380687415263','kukurik999000@gmail.com',0);
INSERT INTO guest(id, firstname, lastname, phone, email, discount) VALUES (30, 'Лілія','Бова','+380501122333','bovalilia@gmail.com',0);
INSERT INTO guest(id, firstname, lastname, phone, email, discount) VALUES (31, 'Олег','Торпрук','+380505050111','oleh1065@gmail.com',1);
INSERT INTO guest(id, firstname, lastname, phone, email, discount) VALUES (32, 'Анна','Старух','+380687005011','starukh@gmail.com',0);
INSERT INTO guest(id, firstname, lastname, phone, email, discount) VALUES (33, 'Наталя','Подольчак','+380501112536','podolchak1010@gmail.com',0);
INSERT INTO guest(id, firstname, lastname, phone, email, discount) VALUES (34, 'Тарас','Матвіїв','+380501515478','tarasyk888@gmail.com',0);
INSERT INTO guest(id, firstname, lastname, phone, email, discount) VALUES (35, 'Святозар','Мацех','+380632589632',' matsekh@gmail.com',0);
INSERT INTO guest(id, firstname, lastname, phone, email, discount) VALUES (36, 'Василь','Марашко','+380985544666','marashko11@gmail.com',0);
INSERT INTO guest(id, firstname, lastname, phone, email, discount) VALUES (37, 'Діана','Ліщук','+380632154987','lishchukdd@gmail.com',0);
INSERT INTO guest(id, firstname, lastname, phone, email, discount) VALUES (38, 'Павло','Манік','+380978899545','manik555@gmail.com',7);
INSERT INTO guest(id, firstname, lastname, phone, email, discount) VALUES (39, 'Ігор','Павлик','+380500338465','ihor1111@gmail.com',0);
INSERT INTO guest(id, firstname, lastname, phone, email, discount) VALUES (40, 'Інна','Кісиличко','+380501235647','kisylychko@gmail.com',0);
INSERT INTO guest(id, firstname, lastname, phone, email, discount) VALUES (41, 'Любов','Каспрівська','+380631236987','lubov1@gmail.com',0);
INSERT INTO guest(id, firstname, lastname, phone, email, discount) VALUES (42, 'Любов','Соболь','+380684568974','sobol000@gmail.com',10);
INSERT INTO guest(id, firstname, lastname, phone, email, discount) VALUES (43, 'Марія','Пенцятко','+380505011556','masha431@gmail.com',0);
INSERT INTO guest(id, firstname, lastname, phone, email, discount) VALUES (44, 'Ірина','Хрущ','+380633322487','ira452@gmail.com',0);
INSERT INTO guest(id, firstname, lastname, phone, email, discount) VALUES (45, 'Мирослава','Бапа','+380','bapa88@gmail.com',0);
INSERT INTO guest(id, firstname, lastname, phone, email, discount) VALUES (46, 'Олег','Прийма','+380985553100','@gmail.com',3);
INSERT INTO guest(id, firstname, lastname, phone, email, discount) VALUES (47, 'Андріана','Марусич','+380974859126','marusych82@gmail.com',0);
INSERT INTO guest(id, firstname, lastname, phone, email, discount) VALUES (48, 'Олена','Крюк','+380981210111','olena111@gmail.com',0);
INSERT INTO guest(id, firstname, lastname, phone, email, discount) VALUES (49, 'Наталя','Степишин','+380685554477','stepnat11111@gmail.com',0);
INSERT INTO guest(id, firstname, lastname, phone, email, discount) VALUES (50, 'Ірина','Бегун','+380630215641','begun89@gmail.com',0);


INSERT INTO cleaners (id, firstname, lastname, phone, salary_for_one_room) VALUES (1, 'Галина', 'Халанія', '+380979874561', 75);
INSERT INTO cleaners (id, firstname, lastname, phone, salary_for_one_room) VALUES (2, 'Антоніна', 'Димора', '+380506698741', 80);
INSERT INTO cleaners (id, firstname, lastname, phone, salary_for_one_room) VALUES (3, 'Марина', 'Чиж', '+380631414555', 70);
INSERT INTO cleaners (id, firstname, lastname, phone, salary_for_one_room) VALUES (4, 'Дарина', 'Петрожицька', '+380630228810', 85);
INSERT INTO cleaners (id, firstname, lastname, phone, salary_for_one_room) VALUES (5, 'Марія', 'Покалюк', '+380731315489', 72);
INSERT INTO cleaners (id, firstname, lastname, phone, salary_for_one_room) VALUES (6, 'Аліна', 'Канаєва', '+380506894159', 65);
INSERT INTO cleaners (id, firstname, lastname, phone, salary_for_one_room) VALUES (7, 'Віталіна', 'Рогатинка', '+380674849159', 78);


INSERT INTO amenity (id, feed_type, is_spa, amenity_sum) VALUES (1, 'Без харчування', 'Ні', 0);
INSERT INTO amenity (id, feed_type, is_spa, amenity_sum) VALUES (2, 'Без харчування', 'Так', 100);
INSERT INTO amenity (id, feed_type, is_spa, amenity_sum) VALUES (3, 'Одноразове харчування', 'Так', 250);
INSERT INTO amenity (id, feed_type, is_spa, amenity_sum) VALUES (4, 'Одноразове харчування', 'Ні', 150);
INSERT INTO amenity (id, feed_type, is_spa, amenity_sum) VALUES (5, 'Дворазове харчування', 'Так', 450);
INSERT INTO amenity (id, feed_type, is_spa, amenity_sum) VALUES (6, 'Дворазове харчування', 'Ні', 350);
INSERT INTO amenity (id, feed_type, is_spa, amenity_sum) VALUES (7, 'Трьохразове харчування', 'Так', 650);
INSERT INTO amenity (id, feed_type, is_spa, amenity_sum) VALUES (8, 'Трьохразове харчування', 'Ні', 550);


INSERT INTO roomCleaners (id, room_id, cleaners_id) VALUES (1, 1, 1);
INSERT INTO roomCleaners (id, room_id, cleaners_id) VALUES (2, 2, 1);
INSERT INTO roomCleaners (id, room_id, cleaners_id) VALUES (3, 3, 1);
INSERT INTO roomCleaners (id, room_id, cleaners_id) VALUES (4, 4, 1);
INSERT INTO roomCleaners (id, room_id, cleaners_id) VALUES (5, 5, 1);
INSERT INTO roomCleaners (id, room_id, cleaners_id) VALUES (6, 6, 1);
INSERT INTO roomCleaners (id, room_id, cleaners_id) VALUES (7 ,7, 1);
INSERT INTO roomCleaners (id, room_id, cleaners_id) VALUES (8, 8, 1);
INSERT INTO roomCleaners (id, room_id, cleaners_id) VALUES (9, 9, 1);
INSERT INTO roomCleaners (id, room_id, cleaners_id) VALUES (10, 10, 1);
INSERT INTO roomCleaners (id, room_id, cleaners_id) VALUES (11, 11, 1);
INSERT INTO roomCleaners (id, room_id, cleaners_id) VALUES (12, 12, 2);
INSERT INTO roomCleaners (id, room_id, cleaners_id) VALUES (13, 13, 2);
INSERT INTO roomCleaners (id, room_id, cleaners_id) VALUES (14, 14, 2);
INSERT INTO roomCleaners (id, room_id, cleaners_id) VALUES (15, 15, 2);
INSERT INTO roomCleaners (id, room_id, cleaners_id) VALUES (16, 16, 2);
INSERT INTO roomCleaners (id, room_id, cleaners_id) VALUES (17, 17, 2);
INSERT INTO roomCleaners (id, room_id, cleaners_id) VALUES (18, 18, 2);
INSERT INTO roomCleaners (id, room_id, cleaners_id) VALUES (19, 19, 2);
INSERT INTO roomCleaners (id, room_id, cleaners_id) VALUES (20, 20, 2);
INSERT INTO roomCleaners (id, room_id, cleaners_id) VALUES (21, 21, 2);
INSERT INTO roomCleaners (id, room_id, cleaners_id) VALUES (22, 22, 2);
INSERT INTO roomCleaners (id, room_id, cleaners_id) VALUES (23, 23, 3);
INSERT INTO roomCleaners (id, room_id, cleaners_id) VALUES (24, 24, 3);
INSERT INTO roomCleaners (id, room_id, cleaners_id) VALUES (25, 25, 3);
INSERT INTO roomCleaners (id, room_id, cleaners_id) VALUES (26, 26, 3);
INSERT INTO roomCleaners (id, room_id, cleaners_id) VALUES (27, 27, 3);
INSERT INTO roomCleaners (id, room_id, cleaners_id) VALUES (28, 28, 3);
INSERT INTO roomCleaners (id, room_id, cleaners_id) VALUES (29, 29, 3);
INSERT INTO roomCleaners (id, room_id, cleaners_id) VALUES (30, 30, 3);
INSERT INTO roomCleaners (id, room_id, cleaners_id) VALUES (31, 31, 3);
INSERT INTO roomCleaners (id, room_id, cleaners_id) VALUES (32, 32, 3);
INSERT INTO roomCleaners (id, room_id, cleaners_id) VALUES (33, 33, 3);
INSERT INTO roomCleaners (id, room_id, cleaners_id) VALUES (34, 34, 4);
INSERT INTO roomCleaners (id, room_id, cleaners_id) VALUES (35, 35, 4);
INSERT INTO roomCleaners (id, room_id, cleaners_id) VALUES (36, 36, 4);
INSERT INTO roomCleaners (id, room_id, cleaners_id) VALUES (37, 37, 4);
INSERT INTO roomCleaners (id, room_id, cleaners_id) VALUES (38, 38, 4);
INSERT INTO roomCleaners (id, room_id, cleaners_id) VALUES (39, 39, 4);
INSERT INTO roomCleaners (id, room_id, cleaners_id) VALUES (40, 40, 4);
INSERT INTO roomCleaners (id, room_id, cleaners_id) VALUES (41, 41, 4);
INSERT INTO roomCleaners (id, room_id, cleaners_id) VALUES (42, 42, 4);
INSERT INTO roomCleaners (id, room_id, cleaners_id) VALUES (43, 43, 4);
INSERT INTO roomCleaners (id, room_id, cleaners_id) VALUES (44, 44, 4);
INSERT INTO roomCleaners (id, room_id, cleaners_id) VALUES (45, 45, 5);
INSERT INTO roomCleaners (id, room_id, cleaners_id) VALUES (46, 46, 5);
INSERT INTO roomCleaners (id, room_id, cleaners_id) VALUES (47, 47, 5);
INSERT INTO roomCleaners (id, room_id, cleaners_id) VALUES (48, 48, 5);
INSERT INTO roomCleaners (id, room_id, cleaners_id) VALUES (49, 49, 5);
INSERT INTO roomCleaners (id, room_id, cleaners_id) VALUES (50, 50, 5);
INSERT INTO roomCleaners (id, room_id, cleaners_id) VALUES (51, 51, 5);
INSERT INTO roomCleaners (id, room_id, cleaners_id) VALUES (52, 52, 5);
INSERT INTO roomCleaners (id, room_id, cleaners_id) VALUES (53, 53, 5);
INSERT INTO roomCleaners (id, room_id, cleaners_id) VALUES (54, 54, 5);
INSERT INTO roomCleaners (id, room_id, cleaners_id) VALUES (55, 55, 5);
INSERT INTO roomCleaners (id, room_id, cleaners_id) VALUES (56, 56, 6);
INSERT INTO roomCleaners (id, room_id, cleaners_id) VALUES (57, 57, 6);
INSERT INTO roomCleaners (id, room_id, cleaners_id) VALUES (58, 58, 6);
INSERT INTO roomCleaners (id, room_id, cleaners_id) VALUES (59, 59, 6);
INSERT INTO roomCleaners (id, room_id, cleaners_id) VALUES (60, 60, 6);
INSERT INTO roomCleaners (id, room_id, cleaners_id) VALUES (61, 61, 6);
INSERT INTO roomCleaners (id, room_id, cleaners_id) VALUES (62, 62, 6);
INSERT INTO roomCleaners (id, room_id, cleaners_id) VALUES (63, 63, 6);
INSERT INTO roomCleaners (id, room_id, cleaners_id) VALUES (64, 64, 6);
INSERT INTO roomCleaners (id, room_id, cleaners_id) VALUES (65, 65, 6);
INSERT INTO roomCleaners (id, room_id, cleaners_id) VALUES (66, 66, 7);
INSERT INTO roomCleaners (id, room_id, cleaners_id) VALUES (67, 67, 7);
INSERT INTO roomCleaners (id, room_id, cleaners_id) VALUES (68, 68, 7);
INSERT INTO roomCleaners (id, room_id, cleaners_id) VALUES (69, 69, 7);
INSERT INTO roomCleaners (id, room_id, cleaners_id) VALUES (70, 70, 7);
INSERT INTO roomCleaners (id, room_id, cleaners_id) VALUES (71, 71, 7);
INSERT INTO roomCleaners (id, room_id, cleaners_id) VALUES (72, 72, 7);
INSERT INTO roomCleaners (id, room_id, cleaners_id) VALUES (73, 73, 7);
INSERT INTO roomCleaners (id, room_id, cleaners_id) VALUES (74, 74, 7);
INSERT INTO roomCleaners (id, room_id, cleaners_id) VALUES (75, 75, 7);


INSERT INTO kitchen(id, dish_name,dish_price) VALUES (1, 'Салат з червоною квасолею, куркою та авокадо', 135)
INSERT INTO kitchen(id, dish_name,dish_price) VALUES (2, 'Салат з лососем та авокадо', 165)
INSERT INTO kitchen(id, dish_name,dish_price) VALUES (3, 'Біф - яловичина з тушкованими овочами', 130)
INSERT INTO kitchen(id, dish_name,dish_price) VALUES (4, 'Салат з печінкою та хамоном', 135)
INSERT INTO kitchen(id, dish_name,dish_price) VALUES (5, 'Салат креветками та куркою', 145)
INSERT INTO kitchen(id, dish_name,dish_price) VALUES (6, 'Салат з вугрем', 145)
INSERT INTO kitchen(id, dish_name,dish_price) VALUES (7, 'Салат ростбіф', 130)
INSERT INTO kitchen(id, dish_name,dish_price) VALUES (8, 'Борщ "Карпати" з салом', 65)
INSERT INTO kitchen(id, dish_name,dish_price) VALUES (9, 'Бульйон з перепілки з локшиною та яйцем', 60)
INSERT INTO kitchen(id, dish_name,dish_price) VALUES (10, 'Юшка грибна з локшиою', 60)
INSERT INTO kitchen(id, dish_name,dish_price) VALUES (11, 'Солянка', 70)
INSERT INTO kitchen(id, dish_name,dish_price) VALUES (12, 'Ніжний лосось під ікорним соусом', 190)
INSERT INTO kitchen(id, dish_name,dish_price) VALUES (13, 'Банош з бринзою', 85)
INSERT INTO kitchen(id, dish_name,dish_price) VALUES (14, 'Філе міньйон', 250)
INSERT INTO kitchen(id, dish_name,dish_price) VALUES (15, 'Вареники з картоплею та сметаною', 100)
INSERT INTO kitchen(id, dish_name,dish_price) VALUES (16, 'Деруни з білими грибами', 115)
INSERT INTO kitchen(id, dish_name,dish_price) VALUES (17, 'Філе сома в кисло-солодкому соусі', 165)
INSERT INTO kitchen(id, dish_name,dish_price) VALUES (18, 'Телятина з білими грибами', 230)
INSERT INTO kitchen(id, dish_name,dish_price) VALUES (19, 'Реберця у пивному соусі', 190)
INSERT INTO kitchen(id, dish_name,dish_price) VALUES (20, 'Рулет курячий в беконі з фісташками', 260)
INSERT INTO kitchen(id, dish_name,dish_price) VALUES (21, 'Короп смажений', 48)
INSERT INTO kitchen(id, dish_name,dish_price) VALUES (22, 'Лаваш сулугуні з куркою та помідорами', 95)
INSERT INTO kitchen(id, dish_name,dish_price) VALUES (23, 'Шашлик зі свинного ошийка', 585)
INSERT INTO kitchen(id, dish_name,dish_price) VALUES (24, 'Короп гриль',120 )
INSERT INTO kitchen(id, dish_name,dish_price) VALUES (25, 'Крокети з сирним соусом', 60)
INSERT INTO kitchen(id, dish_name,dish_price) VALUES (26, 'Овочі гриль',75 )
INSERT INTO kitchen(id, dish_name,dish_price) VALUES (27, 'Картопля печена з часником', 40)
INSERT INTO kitchen(id, dish_name,dish_price) VALUES (28, 'Пюре картопляне',50 )
INSERT INTO kitchen(id, dish_name,dish_price) VALUES (29, 'Френч фрайз', 50)
INSERT INTO kitchen(id, dish_name,dish_price) VALUES (30, 'Тірамісу',65 )
INSERT INTO kitchen(id, dish_name,dish_price) VALUES (31, 'Штрудель яблучний', 65)
INSERT INTO kitchen(id, dish_name,dish_price) VALUES (32, 'Фондан де чоколате', 70)
INSERT INTO kitchen(id, dish_name,dish_price) VALUES (33, 'Семіфредо з праліне', 60)
INSERT INTO kitchen(id, dish_name,dish_price) VALUES (34, 'Джелато на вибір', 69)
INSERT INTO kitchen(id, dish_name,dish_price) VALUES (35, 'Узвар', 22)
INSERT INTO kitchen(id, dish_name,dish_price) VALUES (36, 'Пепсі', 29)
INSERT INTO kitchen(id, dish_name,dish_price) VALUES (37, 'Боржомі', 48)
INSERT INTO kitchen(id, dish_name,dish_price) VALUES (38, 'Лимонад', 24)
INSERT INTO kitchen(id, dish_name,dish_price) VALUES (39, 'Фреш апельсиновий',60 )
INSERT INTO kitchen(id, dish_name,dish_price) VALUES (40, 'Фреш морквяний', 47)
INSERT INTO kitchen(id, dish_name,dish_price) VALUES (41, 'Фреш грейпфрутовий', 50)
INSERT INTO kitchen(id, dish_name,dish_price) VALUES (42, 'Фреш яблучний',46 )
INSERT INTO kitchen(id, dish_name,dish_price) VALUES (43, 'Рістретто',32 )
INSERT INTO kitchen(id, dish_name,dish_price) VALUES (44, 'Американо',32 )
INSERT INTO kitchen(id, dish_name,dish_price) VALUES (45, 'Лате', 42)
INSERT INTO kitchen(id, dish_name,dish_price) VALUES (46, 'Еспресо',32 )
INSERT INTO kitchen(id, dish_name,dish_price) VALUES (47, 'Капучино', 42)
INSERT INTO kitchen(id, dish_name,dish_price) VALUES (48, 'Какао', 35)
INSERT INTO kitchen(id, dish_name,dish_price) VALUES (49, 'Молоко', 7)
INSERT INTO kitchen(id, dish_name,dish_price) VALUES (50, 'Чорний чай',32 )
INSERT INTO kitchen(id, dish_name,dish_price) VALUES (51, 'Фруктовий чай', 32)
INSERT INTO kitchen(id, dish_name,dish_price) VALUES (52, 'Зелений чай', 32)
INSERT INTO kitchen(id, dish_name,dish_price) VALUES (53, 'Травяний чай',32 )
INSERT INTO kitchen(id, dish_name,dish_price) VALUES (54, 'Апероль шпріц', 95)
INSERT INTO kitchen(id, dish_name,dish_price) VALUES (55, 'Мохіто',80)
INSERT INTO kitchen(id, dish_name,dish_price) VALUES (56, 'Мілк шейк з сиропом', 47);


INSERT INTO guestKitchen (id, guest_id, kitchen_id) VALUES (1, 1, 1); 
INSERT INTO guestKitchen (id, guest_id, kitchen_id) VALUES (2, 1, 5); 
INSERT INTO guestKitchen (id, guest_id, kitchen_id) VALUES (3, 2, 10);
INSERT INTO guestKitchen (id, guest_id, kitchen_id) VALUES (4, 2, 15); 
INSERT INTO guestKitchen (id, guest_id, kitchen_id) VALUES (5, 3, 20); 
INSERT INTO guestKitchen (id, guest_id, kitchen_id) VALUES (6, 3, 2); 
INSERT INTO guestKitchen (id, guest_id, kitchen_id) VALUES (7, 3, 6); 
INSERT INTO guestKitchen (id, guest_id, kitchen_id) VALUES (8, 4, 11);
INSERT INTO guestKitchen (id, guest_id, kitchen_id) VALUES (9, 5, 16); 
INSERT INTO guestKitchen (id, guest_id, kitchen_id) VALUES (10, 5, 21); 
INSERT INTO guestKitchen (id, guest_id, kitchen_id) VALUES (11, 31, 3); 
INSERT INTO guestKitchen (id, guest_id, kitchen_id) VALUES (12, 31, 7); 
INSERT INTO guestKitchen (id, guest_id, kitchen_id) VALUES (13, 31, 12);
INSERT INTO guestKitchen (id, guest_id, kitchen_id) VALUES (14, 25, 17); 
INSERT INTO guestKitchen (id, guest_id, kitchen_id) VALUES (15, 13, 22); 
INSERT INTO guestKitchen (id, guest_id, kitchen_id) VALUES (16, 13, 4); 
INSERT INTO guestKitchen (id, guest_id, kitchen_id) VALUES (17, 19, 8); 
INSERT INTO guestKitchen (id, guest_id, kitchen_id) VALUES (18, 19, 13);
INSERT INTO guestKitchen (id, guest_id, kitchen_id) VALUES (19, 19, 18); 
INSERT INTO guestKitchen (id, guest_id, kitchen_id) VALUES (20, 40, 23); 
INSERT INTO guestKitchen (id, guest_id, kitchen_id) VALUES (21, 40, 50); 
INSERT INTO guestKitchen (id, guest_id, kitchen_id) VALUES (22, 14, 5); 
INSERT INTO guestKitchen (id, guest_id, kitchen_id) VALUES (23, 14, 10);
INSERT INTO guestKitchen (id, guest_id, kitchen_id) VALUES (24, 14, 15); 
INSERT INTO guestKitchen (id, guest_id, kitchen_id) VALUES (25, 14, 20); 


INSERT INTO reservation (id, room_id, guest_id, amenity_id, number_of_guest, check_in_date, check_out_date, manager_id, date_of_reservation)
VALUES (1, 10, 25, 1, 1, '2022-05-29', '2022-06-02', 2, '2022-05-19');
INSERT INTO reservation (id, room_id, guest_id, amenity_id, number_of_guest, check_in_date, check_out_date, manager_id, date_of_reservation)
VALUES (2, 10, 2, 5, 1, '2022-06-10', '2022-06-12', 5, '2022-05-21');
INSERT INTO reservation (id, room_id, guest_id, amenity_id, number_of_guest, check_in_date, check_out_date, manager_id, date_of_reservation)
VALUES (3, 25, 5, 2, 2, '2022-05-31', '2022-06-02', 1, '2022-05-17');
INSERT INTO reservation (id, room_id, guest_id, amenity_id, number_of_guest, check_in_date, check_out_date, manager_id, date_of_reservation)
VALUES (4, 70, 40, 7, 3, '2022-05-30', '2022-06-15', 2, '2022-05-19');
INSERT INTO reservation (id, room_id, guest_id, amenity_id, number_of_guest, check_in_date, check_out_date, manager_id, date_of_reservation)
VALUES (5, 72, 14, 3, 4, '2022-06-14', '2022-06-20', 3, '2022-05-25');
INSERT INTO reservation (id, room_id, guest_id, amenity_id, number_of_guest, check_in_date, check_out_date, manager_id, date_of_reservation)
VALUES (6, 1, 19, 2, 1, '2022-06-26', '2022-07-02', 2, '2022-05-24');
INSERT INTO reservation (id, room_id, guest_id, amenity_id, number_of_guest, check_in_date, check_out_date, manager_id, date_of_reservation)
VALUES (7, 45, 3, 1, 1, '2022-05-27', '2022-05-30', 5, '2022-05-20');
INSERT INTO reservation (id, room_id, guest_id, amenity_id, number_of_guest, check_in_date, check_out_date, manager_id, date_of_reservation)
VALUES (8, 15, 31, 6, 1, '2022-05-28', '2022-06-30', 3, '2022-05-26');
INSERT INTO reservation (id, room_id, guest_id, amenity_id, number_of_guest, check_in_date, check_out_date, manager_id, date_of_reservation)
VALUES (9, 11, 41, 1, 1, '2022-05-27', '2022-05-30', 5, '2022-05-20');
INSERT INTO reservation (id, room_id, guest_id, amenity_id, number_of_guest, check_in_date, check_out_date, manager_id, date_of_reservation)
VALUES (10, 12, 10, 5, 1, '2022-06-01', '2022-06-03', 5, '2022-05-18');
INSERT INTO reservation (id, room_id, guest_id, amenity_id, number_of_guest, check_in_date, check_out_date, manager_id, date_of_reservation)
VALUES (11, 35, 13, 7, 1, '2022-06-27', '2022-06-30', 4, '2022-05-23');
INSERT INTO reservation (id, room_id, guest_id, amenity_id, number_of_guest, check_in_date, check_out_date, manager_id, date_of_reservation)
VALUES (12, 3, 17, 3, 1, '2022-05-31', '2022-06-06', 1, '2022-05-28');
INSERT INTO reservation (id, room_id, guest_id, amenity_id, number_of_guest, check_in_date, check_out_date, manager_id, date_of_reservation)
VALUES (13, 75, 50, 4, 4, '2022-06-15', '2022-06-19', 5, '2022-06-01');
INSERT INTO reservation (id, room_id, guest_id, amenity_id, number_of_guest, check_in_date, check_out_date, manager_id, date_of_reservation)
VALUES (14, 74, 49, 2, 3, '2022-06-09', '2022-06-10', 2, '2022-06-01');
INSERT INTO reservation (id, room_id, guest_id, amenity_id, number_of_guest, check_in_date, check_out_date, manager_id, date_of_reservation)
VALUES (15, 66, 20, 8, 1, '2022-05-30', '2022-06-30', 1, '2022-06-02');
INSERT INTO reservation (id, room_id, guest_id, amenity_id, number_of_guest, check_in_date, check_out_date, manager_id, date_of_reservation)
VALUES (16, 61, 46, 7, 1, '2022-06-13', '2022-06-05', 5, '2022-06-20');
INSERT INTO reservation (id, room_id, guest_id, amenity_id, number_of_guest, check_in_date, check_out_date, manager_id, date_of_reservation)
VALUES (17, 68, 16, 4, 2, '2022-06-24', '2022-06-28', 4, '2022-06-30');
INSERT INTO reservation (id, room_id, guest_id, amenity_id, number_of_guest, check_in_date, check_out_date, manager_id, date_of_reservation)
VALUES (18, 19, 4, 7, 2, '2022-06-18', '2022-06-26', 4, '2022-06-01');
INSERT INTO reservation (id, room_id, guest_id, amenity_id, number_of_guest, check_in_date, check_out_date, manager_id, date_of_reservation)
VALUES (19, 33, 33, 1, 2, '2022-07-04', '2022-07-07', 5, '2022-06-11');
INSERT INTO reservation (id, room_id, guest_id, amenity_id, number_of_guest, check_in_date, check_out_date, manager_id, date_of_reservation)
VALUES (20, 39, 44, 1, 1, '2022-06-22', '2022-06-30', 3, '2022-06-14');

